sep=,
"Rank","Team","GP","Poss","%Time","Pts","PPP","FG Att","FG Made","FG Miss","FG%","eFG%","TO%","%FT","FTA/FGA","%SF","Score%","2 FG Att","2 FG Made","2 FG Miss","2 FG%","3FG Att","3 FG Made","3 FG Miss","3 FG%","3PA/FGA"
1,"St. Thomas (MN) Tommies",34,76.1,100,82.7,1.086,58.4,28.7,29.7,49.1,58.1,12.1,13.7,0.33,9.5,48,31.3,18.3,13.1,58.3,27.1,10.4,16.6,38.5,0.46
2,"Duke Blue Devils",39,75.5,100,81.9,1.084,58.1,28.5,29.6,49.1,57.6,11.7,13.8,0.32,9.8,48,32.3,18.6,13.7,57.6,25.8,9.9,15.9,38.5,0.44
3,"North Dakota State Bison",32,75.5,100,80.6,1.068,57.2,27.1,30.1,47.3,57.7,12.9,13.5,0.33,8.4,46.1,27.1,15.2,11.9,56,30,11.9,18.2,39.5,0.53
4,"Cornell Big Red",29,79.7,100,84.8,1.065,60.9,30.5,30.4,50.1,59.3,14.4,11.9,0.27,8.2,46.5,31.2,19.2,11.9,61.7,29.7,11.2,18.4,37.9,0.49
4,"Gonzaga Bulldogs",35,81.1,100,86.3,1.065,63.4,31.7,31.7,50,55.9,11.2,13.6,0.3,9.8,48.7,42.1,24.1,17.9,57.4,21.3,7.5,13.8,35.3,0.34
6,"High Point Panthers",35,77.8,100,81.3,1.046,58.3,28.5,29.8,48.9,56.1,12.6,14.8,0.36,10.6,47.6,35.4,20.3,15.1,57.3,22.9,8.3,14.7,36.1,0.39
7,"UC San Diego Tritons",35,75.5,100,78.8,1.045,58.8,27.2,31.7,46.2,55.3,10.8,13.6,0.32,10.4,46.1,29.3,16.5,12.8,56.3,29.5,10.7,18.9,36.2,0.5
8,"Chattanooga Mocs",38,76.2,100,79.6,1.043,59.4,28.2,31.2,47.5,55.8,12,12.6,0.29,8.3,46,31.7,18.4,13.3,58,27.7,9.8,17.9,35.5,0.47
9,"Liberty Flames",35,72.8,100,75.6,1.038,56,27.2,28.8,48.6,58,13,12.1,0.29,9.7,45.8,28.6,16.7,11.8,58.6,27.4,10.5,16.9,38.2,0.49
9,"Northern Colorado Bears",35,77.3,100,80.3,1.038,57.9,29.2,28.7,50.5,57.7,14.1,13,0.32,9.4,47.6,35.7,20.8,14.9,58.2,22.2,8.4,13.8,38,0.38
9,"Kentucky Wildcats",36,81.4,100,84.5,1.038,61.6,29.6,31.9,48.1,55.8,12.6,14.8,0.35,10.2,46.5,36.2,20.1,16.1,55.6,25.4,9.5,15.9,37.3,0.41
12,"Lipscomb Bisons",35,75.7,100,78.3,1.035,58.3,27.3,31,46.8,55.2,12.2,12.5,0.3,9,45.9,30.7,17.5,13.2,57,27.6,9.8,17.8,35.5,0.47
12,"Iowa Hawkeyes",33,78.8,100,81.5,1.035,62.3,30.3,32,48.6,56.3,11.7,11.7,0.26,8.6,46.5,36.7,20.7,16,56.3,25.6,9.6,16,37.6,0.41
14,"Illinois State Redbirds",36,73.2,100,75.5,1.032,55.4,26.5,28.9,47.8,56.7,13.6,12.9,0.3,8.2,45.6,29.3,16.8,12.5,57.3,26.2,9.8,16.4,37.3,0.47
15,"Missouri Tigers",34,80.9,100,83.4,1.031,57.8,27.6,30.1,47.8,55.3,13.2,17.8,0.46,12.7,47.6,33.8,18.9,14.9,56,23.9,8.7,15.3,36.2,0.41
16,"Wisconsin Badgers",37,77.4,100,79.7,1.03,59.3,26.8,32.5,45.2,53.5,11.7,13.8,0.33,9,45.5,30.7,16.9,13.8,55,28.6,9.9,18.7,34.6,0.48
17,"Auburn Tigers",38,80.4,100,82.7,1.029,61.9,29.4,32.5,47.4,54.7,11.3,14.1,0.33,9.7,46.4,36.6,20.4,16.2,55.7,25.3,9,16.3,35.6,0.41
18,"Montana Grizzlies",35,74.2,100,76.3,1.028,55.4,27.5,27.9,49.6,56.2,14.1,14.4,0.34,10.3,47.1,34.9,20.2,14.7,57.9,20.5,7.3,13.2,35.6,0.37
19,"Alabama Crimson Tide",37,88.2,100,90.5,1.025,64.4,31,33.4,48.1,56.3,13.8,15.4,0.39,10.1,46.8,34.5,20.5,14,59.4,29.9,10.5,19.4,35.1,0.46
19,"Purdue Boilermakers",36,75.2,100,77.1,1.025,56.4,27.4,29,48.5,55.8,13.2,14.3,0.34,9.6,46.6,34.6,19.1,15.5,55.3,21.8,8.3,13.6,37.8,0.39
21,"Yale Bulldogs",30,79.4,100,81.2,1.023,61.3,29.9,31.5,48.7,54.9,11.8,13.1,0.31,9.5,47.1,41.5,22.3,19.2,53.7,19.8,7.6,12.2,38.3,0.32
22,"Purdue Fort Wayne Mastodons",32,78.9,100,80.6,1.021,61.5,28.7,32.8,46.6,55,11.8,12,0.28,8.2,45.3,33.6,18.4,15.3,54.6,27.9,10.3,17.6,37,0.45
22,"Texas Tech Red Raiders",37,78.7,100,80.4,1.021,61.6,28.5,33.1,46.3,54.4,11.5,12.3,0.29,8.8,45.5,34.2,18.5,15.7,54,27.4,10,17.4,36.6,0.44
22,"Oregon State Beavers",33,74.5,100,76.1,1.021,54.9,26.5,28.5,48.2,54.6,13.7,15.4,0.37,10.7,46.7,35.4,19.4,16,54.8,19.5,7,12.5,36,0.36
22,"Connecticut Huskies",35,75.1,100,76.6,1.021,57.3,27.1,30.2,47.2,54.7,13.3,13.2,0.31,9.4,45.6,32.7,18.5,14.1,56.7,24.6,8.5,16.1,34.7,0.43
26,"Villanova Wildcats",36,72.5,100,73.9,1.019,56.1,25.8,30.3,45.9,54.5,12.4,12.3,0.29,9.2,44.8,31.4,16.2,15.3,51.5,24.6,9.6,15.1,38.8,0.44
27,"Utah State Aggies",34,78.1,100,79.2,1.014,57.9,27.9,30,48.1,55.7,13.4,14.8,0.36,9.8,46.2,33.1,19.1,14.1,57.5,24.7,8.8,15.9,35.6,0.43
27,"Xavier Musketeers",34,76.8,100,77.9,1.014,57.1,26.6,30.5,46.5,53.9,13.5,14.7,0.36,10.3,45.6,35.6,18.2,17.5,51,21.4,8.4,13,39.1,0.38
29,"Bradley Braves",37,74.8,100,75.8,1.013,55.7,26.6,29.1,47.8,56.4,14.7,13.1,0.31,8.5,45.2,31.6,17.1,14.5,54.1,24.1,9.5,14.6,39.6,0.43
30,"Florida Gators",40,83.7,100,84.6,1.012,63.2,29.6,33.6,46.8,54.5,12.6,14.3,0.34,10.6,45.8,35.5,19.8,15.7,55.8,27.7,9.8,17.9,35.2,0.44
31,"Miami (OH) RedHawks",34,79.3,100,80.2,1.011,60.5,29,31.5,47.9,56.7,14.6,11.5,0.26,7.5,44.6,33.4,18.3,15.1,54.9,27.1,10.7,16.5,39.3,0.45
32,"Brigham Young Cougars",36,80.3,100,81.1,1.01,60.6,28.9,31.7,47.7,56.3,14.3,12,0.29,8.2,44.7,31.9,18.4,13.5,57.8,28.7,10.5,18.2,36.5,0.47
33,"Massachusetts Lowell",32,78.5,100,79.2,1.008,57.8,28.6,29.2,49.5,55.6,15.4,13.6,0.33,9.2,46.5,37.6,21.5,16.1,57.2,20.2,7.1,13.1,35.1,0.35
34,"Maryland Terrapins",36,79.5,100,80,1.006,61.1,28.6,32.5,46.8,53.3,11.8,14,0.33,9.9,46.1,39.6,20.7,18.9,52.2,21.5,7.9,13.6,36.8,0.35
35,"Oklahoma Sooners",34,77.7,100,78.1,1.005,56.2,26.1,30.1,46.4,53.9,14.6,15.5,0.39,11.3,45.4,33,17.6,15.4,53.4,23.2,8.4,14.8,36.3,0.41
36,"North Carolina Tar Heels",37,80.4,100,80.6,1.003,60.3,28.6,31.7,47.4,54.1,13.1,14.6,0.35,11.2,45.9,37.8,20.6,17.2,54.4,22.4,8,14.4,35.7,0.37
36,"Colorado State Rams",36,74.2,100,74.4,1.003,55.4,26.3,29.1,47.5,55.2,14.9,13.1,0.31,8.6,44.8,31.5,17.8,13.7,56.4,23.9,8.6,15.4,35.7,0.43
38,"Ohio State Buckeyes",32,78.3,100,78.5,1.002,59,27.4,31.5,46.5,53.4,13.2,14.8,0.35,9.9,45.4,36.7,19.3,17.4,52.6,22.3,8.2,14.2,36.6,0.38
38,"UMBC Retrievers",32,79.5,100,79.6,1.002,59.9,29,30.9,48.4,55.8,14,12.5,0.31,9.9,45.7,36.6,20,16.6,54.6,23.3,9,14.3,38.5,0.39
40,"Santa Clara Broncos",34,81.4,100,81.5,1.001,62.1,29,33,46.8,55.6,13.9,11.7,0.28,8.9,44.3,33.2,18.1,15.1,54.5,28.9,10.9,17.9,37.9,0.46
41,"North Carolina-Asheville Bulldogs",32,81.8,100,81.7,1,62.3,29.5,32.9,47.3,53.6,12.1,13.8,0.34,9,46.1,39.2,21.6,17.6,55.1,23.2,7.9,15.3,34,0.37
42,"Akron Zips",35,83.4,100,83.3,0.999,64.4,30.1,34.3,46.7,55,13.5,11.2,0.26,7.9,44.2,34.6,19.4,15.2,56.1,29.7,10.7,19.1,35.8,0.46
42,"Delaware Fightin Blue Hens",36,77,100,77,0.999,57.9,27.3,30.6,47.2,54.7,14.4,12.3,0.3,8.9,45,34.3,18.6,15.8,54.1,23.6,8.8,14.9,37.1,0.41
42,"Wright State Raiders",33,77.2,100,77.1,0.999,58.5,28.8,29.7,49.3,56.5,15,11.5,0.27,8.6,45.5,36.6,20.4,16.2,55.8,22,8.5,13.5,38.5,0.38
45,"Iowa State Cyclones",35,80.1,100,79.9,0.998,58.4,28,30.4,48,54.5,14.3,14.5,0.37,10.5,46.5,36.9,20.4,16.5,55.3,21.5,7.6,13.9,35.4,0.37
46,"Boise State Broncos",37,76,100,75.8,0.997,56.3,25.9,30.4,46.1,52.7,13.2,15.4,0.37,10.7,45.9,32.6,18.5,14.1,56.7,23.7,7.5,16.2,31.5,0.42
47,"Ohio Bobcats",32,79.5,100,79.2,0.996,60.2,28,32.2,46.6,53.7,13.3,13.6,0.32,9.5,44.9,36,19.4,16.6,54,24.2,8.6,15.6,35.5,0.4
48,"Arizona Wildcats",37,82.7,100,82.2,0.994,61.6,29.1,32.5,47.3,53.1,13.4,14.3,0.35,10.6,46.1,40.3,21.9,18.3,54.5,21.3,7.2,14.1,33.6,0.35
49,"Drake Bulldogs",35,69.9,100,69.4,0.993,50.4,24.1,26.3,47.9,54.5,13.7,16.3,0.41,11.4,46.7,31.9,17.5,14.4,54.8,18.5,6.6,11.8,35.9,0.37
49,"Creighton Bluejays",36,75.5,100,75,0.993,56.8,27.1,29.8,47.6,56,15.1,11.6,0.28,8,43.9,29.2,17.5,11.7,59.9,27.6,9.6,18.1,34.6,0.49
51,"Butler Bulldogs",35,75.2,100,74.6,0.992,55.7,25.5,30.1,45.9,53.5,13.6,15,0.36,10.8,44.5,32.6,17,15.5,52.3,23.1,8.5,14.6,36.8,0.42
52,"Texas-(Austin) Longhorns",35,78.8,100,78.1,0.991,59.2,27.3,31.9,46.1,52.5,12.1,14.8,0.36,10.4,46,38.2,19.7,18.4,51.7,21,7.5,13.5,35.9,0.36
52,"USC Trojans",35,77.2,100,76.5,0.991,56.6,27.3,29.2,48.3,54.7,15.3,14.2,0.35,10.7,45.7,36.7,20.1,16.6,54.9,19.9,7.2,12.7,36.3,0.35
54,"Belmont Bruins",33,79.6,100,78.9,0.99,61.7,28.5,33.1,46.3,54.8,13.6,11,0.25,8.1,43.4,34.2,18,16.2,52.7,27.5,10.5,17,38.3,0.45
55,"Bellarmine Knights",31,73.4,100,72.6,0.989,56.6,26.3,30.3,46.5,54.5,14.6,11,0.25,8.5,43.4,31.4,17.3,14.1,55,25.2,9.1,16.1,36,0.45
56,"Dayton Flyers",34,76,100,75.1,0.988,56.4,25.6,30.7,45.5,52.8,13.1,14.8,0.37,10.6,44.9,33.3,17.4,15.9,52.2,23.1,8.3,14.8,35.9,0.41
56,"Furman Paladins",35,77.7,100,76.7,0.988,58,26.3,31.7,45.4,54.7,13.6,13.4,0.33,9.3,43.7,28.2,15.5,12.6,55.2,29.8,10.8,19,36.2,0.51
58,"Northern Iowa Panthers",33,73.7,100,72.7,0.986,54.7,26.3,28.3,48.2,54.7,14,14.3,0.34,10.4,45.8,35,19.2,15.8,54.9,19.7,7.1,12.6,36.2,0.36
58,"Penn State Nittany Lions",31,79.5,100,78.4,0.986,57.8,27.6,30.2,47.8,54,15.1,14.9,0.37,10.7,45.6,36.9,20.5,16.4,55.6,20.9,7.1,13.8,34.1,0.36
58,"Pittsburgh Panthers",32,76.6,100,75.5,0.986,58,26,32,44.8,51.9,12.4,14.1,0.34,9.6,44.5,34.2,17.8,16.4,51.9,23.8,8.2,15.6,34.6,0.41
58,"McNeese State Cowboys",35,77.5,100,76.3,0.986,58.1,27.5,30.6,47.3,53.8,13.4,14.1,0.34,10.9,45.2,36.7,20,16.7,54.5,21.5,7.5,13.9,35,0.37
62,"South Dakota Coyotes",33,85.8,100,84.6,0.985,64,28.5,35.4,44.6,50.7,10.7,17.9,0.43,13.2,46.5,39.5,20.8,18.7,52.7,24.5,7.7,16.8,31.6,0.38
62,"Clemson Tigers",34,76.5,100,75.4,0.985,58.9,27,31.9,45.9,53,12.9,12.3,0.29,9,44.4,35.9,18.6,17.3,51.8,23,8.4,14.6,36.6,0.39
62,"UC Santa Barbara Gauchos",34,74.7,100,73.5,0.985,55.9,25.7,30.2,45.9,54.8,15.1,12.3,0.29,7.9,43.2,29.5,15.7,13.8,53.2,26.4,10,16.4,37.8,0.47
65,"Mississippi Rebels",36,78.3,100,77.1,0.984,60.1,26.6,33.4,44.4,51.3,11.1,15,0.35,10.6,45.1,35.8,18.3,17.5,51.2,24.2,8.3,15.9,34.3,0.4
65,"Southern Methodist Mustangs",35,80.5,100,79.2,0.984,59,28.1,30.9,47.7,54.3,14.1,14.6,0.36,10.5,46.2,38.3,20.3,18,53.1,20.7,7.8,12.9,37.7,0.35
65,"Tennessee Volunteers",38,75.2,100,73.9,0.984,56.4,25.4,31,45,52.3,12.5,14.6,0.35,10.4,44.6,31.9,17.2,14.7,53.9,24.5,8.2,16.3,33.5,0.43
68,"Nevada Wolf Pack",33,73.1,100,71.9,0.983,54.2,25.5,28.7,47,53.4,13.1,15.3,0.37,9.4,45.8,34.1,18.6,15.5,54.7,20.2,6.9,13.3,34.1,0.37
69,"South Dakota State Jackrabbits",32,80.8,100,79.2,0.981,60.6,28.4,32.3,46.8,53.9,14.5,12.8,0.3,8.5,44.5,35.8,19.8,16.1,55.1,24.8,8.6,16.2,34.8,0.41
70,"Norfolk State Spartans",35,78.2,100,76.6,0.98,57.1,27.6,29.5,48.3,53,14.8,15.1,0.37,11.3,46.1,40.6,22.2,18.3,54.8,16.6,5.4,11.2,32.4,0.29
71,"Louisville Cardinals",35,79.8,100,78.1,0.979,60.1,27.1,33,45.1,52.9,13.6,13.7,0.33,9.5,43.8,31.3,17.7,13.6,56.6,28.8,9.4,19.4,32.6,0.48
71,"Indiana State Sycamores",32,81.6,100,79.9,0.979,59.2,27.4,31.8,46.3,54.8,16.5,13.8,0.34,10.3,43.5,29.9,17.3,12.6,57.9,29.3,10.1,19.2,34.4,0.49
73,"Vanderbilt Commodores",33,80.5,100,78.8,0.978,61.5,27.7,33.8,45,51.6,11.9,13.9,0.33,10.1,44.7,36.5,19.6,16.9,53.7,25,8.1,16.9,32.2,0.41
73,"Columbia Lions",27,79.9,100,78.1,0.978,61.4,28.6,32.9,46.5,53.2,13.1,11.9,0.28,9.2,44.8,37,20.3,16.6,55,24.5,8.2,16.3,33.6,0.4
73,"North Carolina-Wilmington Seahawks",35,80.1,100,78.3,0.978,59.7,27.5,32.1,46.1,52.2,13.1,14.7,0.36,10.3,45.2,37.7,20.3,17.4,53.8,21.9,7.2,14.7,32.9,0.37
76,"North Florida Ospreys",32,84.8,100,82.8,0.977,66.5,29.5,37.1,44.3,53.9,12.9,10.2,0.24,8.4,42.1,30.6,16.7,13.9,54.6,35.9,12.8,23.2,35.5,0.54
76,"Illinois Fighting Illini",35,85.1,100,83.1,0.977,63.9,28.7,35.2,44.9,52.3,13.5,14,0.34,10.2,44.1,33.6,19.2,14.4,57.2,30.2,9.4,20.8,31.2,0.47
78,"Saint Louis Billikens",34,75.8,100,74,0.976,55.5,26.4,29.1,47.5,56.3,16.2,12.2,0.3,8.6,43.4,27.5,16.6,10.9,60.3,28,9.8,18.2,35,0.5
78,"North Alabama Lions",35,80.4,100,78.5,0.976,63,28.5,34.6,45.1,51.2,10.2,13.2,0.31,10.1,45.2,41.3,20.8,20.5,50.4,21.7,7.6,14.1,35.1,0.34
78,"Davidson Wildcats",33,73.7,100,71.9,0.976,57.4,25.9,31.5,45.2,52.1,12.1,12.5,0.28,9.3,44.1,33.5,17.9,15.6,53.4,23.8,8,15.8,33.6,0.42
81,"Central Connecticut State Blue Devils",32,73.9,100,72.1,0.975,57,27.1,29.9,47.6,53.8,14.2,10.9,0.25,8.5,44.3,36.6,20.1,16.5,54.8,20.4,7.1,13.3,34.6,0.36
82,"Samford Bulldogs",33,84.8,100,82.6,0.974,63.8,29.3,34.5,45.9,54.3,14.8,11.8,0.29,8.7,43.3,34.2,18.5,15.6,54.2,29.7,10.8,18.9,36.3,0.46
82,"Winthrop Eagles",34,86.5,100,84.3,0.974,61.1,28.7,32.4,46.9,53.5,14.2,18.2,0.46,12.3,45.6,37.4,20.6,16.7,55.2,23.8,8.1,15.7,33.9,0.39
84,"Toledo Rockets",33,80.4,100,78.1,0.972,61.6,28.3,33.3,46,50.7,11.3,14.6,0.34,10.4,45.8,44.2,22.5,21.7,50.9,17.4,5.8,11.5,33.6,0.28
84,"Montana State Bobcats",33,72.8,100,70.8,0.972,55.8,25.3,30.5,45.3,52.6,12.9,12.8,0.3,9.5,43.9,31.6,17.1,14.5,54,24.2,8.2,16,33.9,0.43
86,"Oregon Ducks",35,78.6,100,76.3,0.971,59.3,27.1,32.2,45.7,52.2,13.3,13.3,0.32,9.2,44.7,36.5,19.3,17.2,52.9,22.7,7.8,15,34.2,0.38
86,"Tulane Green Wave",34,76.4,100,74.2,0.971,57.1,25.6,31.4,44.9,51.6,13.4,14.6,0.35,11.4,44,34.4,18,16.4,52.3,22.6,7.6,15,33.8,0.4
86,"Marquette Golden Eagles",34,78.5,100,76.2,0.971,62.3,27.7,34.6,44.4,52,11.2,11.1,0.26,8.1,43.3,33.5,18.3,15.2,54.5,28.8,9.4,19.4,32.7,0.46
89,"Nebraska-Omaha Mavericks",35,78.4,100,76.1,0.97,58.4,26.6,31.8,45.5,52.5,13.3,14.8,0.35,9.4,44.3,35.5,18.5,17,52.1,22.9,8.1,14.8,35.4,0.39
89,"Houston Cougars",40,75.4,100,73.1,0.97,59.8,26.7,33.1,44.7,51.5,11,11.4,0.26,7.8,43.9,39,18.6,20.4,47.6,20.8,8.2,12.7,39.3,0.35
91,"William & Mary Tribe",32,79.6,100,77.1,0.969,58.1,26.2,31.9,45.1,54.1,15.2,13.9,0.34,9.4,43.3,28.2,15.8,12.4,55.9,29.9,10.4,19.5,34.9,0.51
92,"Washington State Cougars",34,80.9,100,78.4,0.968,58.2,28.4,29.7,48.9,56.3,17.4,12.8,0.32,8,44,34.2,19.8,14.4,57.8,24,8.7,15.3,36.2,0.41
92,"South Alabama Jaguars",32,75.1,100,72.7,0.968,57.7,25.4,32.3,44,51.4,11.5,13.8,0.33,10.4,43.8,31.3,16.8,14.5,53.7,26.4,8.5,17.8,32.3,0.46
94,"UCLA Bruins",34,76.1,100,73.6,0.967,57.8,26.7,31.1,46.2,52.6,13.1,13.6,0.32,9.6,44.4,36.8,19.4,17.4,52.7,21,7.3,13.7,34.9,0.36
94,"Wofford Terriers",35,77.4,100,74.8,0.967,59.3,26.7,32.6,45,53.2,12.9,12.6,0.3,9.3,43,30.9,17,13.9,54.9,28.4,9.7,18.7,34.1,0.48
94,"Indiana University - Indianapolis Jaguars",32,76.9,100,74.3,0.967,58.7,25.1,33.6,42.7,51.4,12.5,13.5,0.33,10.7,42.5,31.3,14.8,16.5,47.4,27.4,10.2,17.2,37.3,0.47
94,"Colgate Raiders",33,74.2,100,71.8,0.967,57.5,26.8,30.7,46.6,54.1,14.6,9.9,0.23,7.5,43,33.1,18.2,15,54.8,24.4,8.7,15.8,35.5,0.42
98,"Radford Highlanders",33,76.6,100,74,0.966,55.6,25,30.6,44.9,51.6,13.9,15.7,0.39,10.1,44.4,35.3,17.6,17.7,49.8,20.2,7.4,12.9,36.4,0.36
98,"Temple Owls",32,81.7,100,78.8,0.966,58.8,26.3,32.5,44.7,50.5,13.1,17.4,0.45,12.1,45.5,40.1,19.6,20.5,48.8,18.8,6.8,12,35.9,0.32
100,"Presbyterian Blue Hose",33,76.5,100,73.9,0.965,58.1,27,31.1,46.5,52.7,13.2,12.9,0.31,10,44.7,38.3,19.8,18.5,51.6,19.8,7.2,12.5,36.6,0.34
101,"UAB Blazers",37,84.8,100,81.8,0.964,66,29.9,36.1,45.4,50.3,11.3,13.1,0.31,10.4,45.1,46.6,23.4,23.2,50.1,19.4,6.6,12.8,33.8,0.29
102,"Michigan State Spartans",37,80.2,100,77.3,0.963,59.3,27.1,32.2,45.7,50.8,13.4,15.2,0.37,10.5,45.2,39.6,21,18.6,53,19.6,6.1,13.6,30.9,0.33
102,"North Texas Mean Green",36,70.5,100,67.9,0.963,52.7,23.4,29.3,44.4,50.9,13,14.2,0.35,10.4,43.9,33.5,16.5,17,49.3,19.3,6.9,12.4,35.8,0.37
104,"Miami (FL) Hurricanes",31,76.6,100,73.7,0.962,59.7,27.3,32.4,45.7,51.8,13.3,11.7,0.26,9.6,43.7,36.7,20.1,16.6,54.7,23,7.2,15.8,31.4,0.39
105,"Charleston Cougars",33,80,100,76.9,0.961,59.8,27,32.8,45.1,52.1,13.5,13.8,0.34,10.4,44,36.1,18.7,17.5,51.7,23.7,8.3,15.4,35.1,0.4
105,"Nebraska Cornhuskers",35,78.9,100,75.9,0.961,58.6,26.5,32.1,45.3,51.7,13.8,14.4,0.35,10.1,44,36,19,17,52.8,22.6,7.5,15.1,33.3,0.39
105,"Florida Atlantic Owls",34,81.3,100,78.1,0.961,60.7,27.9,32.8,46,53.1,14,13.4,0.32,10.1,44.2,35.9,19.2,16.6,53.7,24.9,8.7,16.2,34.9,0.41
105,"Cal Poly SLO Mustangs",35,84.7,100,81.4,0.961,62,28.7,33.3,46.2,55.5,17.8,10.9,0.26,7.3,41.6,30.4,17.3,13.2,56.7,31.6,11.4,20.2,36.2,0.51
109,"Loyola (Chicago) Ramblers",37,77.2,100,74.2,0.96,57.6,26.5,31,46.1,53.6,14.7,13.2,0.32,9.8,43.2,32.8,17.9,14.9,54.7,24.8,8.6,16.2,34.8,0.43
109,"Florida Gulf Coast Eagles",34,75.1,100,72.1,0.96,58.7,27.4,31.3,46.7,53.4,13.3,10.2,0.23,8,43.7,36.1,19.5,16.6,54,22.7,7.9,14.7,35,0.39
109,"San Francisco Dons",35,78.7,100,75.5,0.96,58.7,26.5,32.1,45.3,52.6,14.1,13.8,0.33,9.6,43.3,33.3,17.9,15.4,53.8,25.4,8.7,16.7,34.1,0.43
109,"UNC Greensboro Spartans",32,75.7,100,72.7,0.96,58.2,25.5,32.7,43.9,51.8,12.5,12.1,0.29,8.6,43.1,33.2,16.3,16.9,49.1,25,9.2,15.8,36.9,0.43
109,"Jacksonville State Gamecocks",36,76.8,100,73.7,0.96,58.6,26.1,32.5,44.6,51.1,12.5,12.9,0.31,9.9,43.9,36.7,18.5,18.2,50.3,21.9,7.7,14.3,35,0.37
114,"Virginia Cavaliers",32,67.4,100,64.7,0.959,52,23.1,28.9,44.5,52.5,13.9,11.2,0.26,8.3,42.5,29.6,14.8,14.8,50.1,22.4,8.3,14.1,37,0.43
114,"James Madison Dukes",33,76.5,100,73.4,0.959,58.7,25.6,33.2,43.6,51.2,12.7,12.5,0.3,9.4,42.9,32.6,16.6,16,50.9,26.1,9,17.2,34.3,0.44
114,"Dartmouth Big Green",28,80.6,100,77.3,0.959,61.3,26.7,34.6,43.6,51.9,13.5,12.1,0.3,8.5,42.4,32.3,16.6,15.8,51.3,29,10.1,18.8,35,0.47
117,"Texas A&M-(Corpus Christi) Islanders",34,78.6,100,75.4,0.958,58.2,28.4,29.8,48.8,53.8,14.1,14.4,0.35,11.3,45.7,41,22.5,18.5,54.9,17.2,5.9,11.3,34.1,0.3
117,"Mississippi State Bulldogs",34,82.9,100,79.4,0.958,63.5,28.6,34.9,45,51.7,12.5,12.9,0.31,9.2,43.6,36.5,20.1,16.4,55.1,27,8.5,18.5,31.4,0.43
117,"Virginia Commonwealth Rams",35,79.6,100,76.2,0.958,60.1,26.6,33.5,44.2,52.3,13.6,12.3,0.31,8.2,42.9,31.2,16.9,14.2,54.4,28.9,9.6,19.3,33.3,0.48
117,"Louisiana Tech Bulldogs",32,76.7,100,73.4,0.958,56,25.8,30.2,46.1,53,15.5,13.3,0.33,9.6,43.9,33,18.1,14.9,54.8,23,7.8,15.3,33.7,0.41
121,"Incarnate Word Cardinals",35,76.7,100,73.4,0.957,58.6,27.2,31.4,46.4,53,13.6,11.7,0.28,8.5,43.9,37.6,19.5,18.1,51.8,21.1,7.7,13.3,36.8,0.36
122,"UC Irvine Anteaters",39,78.9,100,75.5,0.956,57.5,26.1,31.4,45.3,51.6,15.2,14.5,0.36,9.8,44,37.5,18.9,18.6,50.4,20,7.2,12.8,35.8,0.35
122,"Arkansas Razorbacks",36,80.2,100,76.7,0.956,59.3,27.2,32.1,45.8,51.8,14.2,14.3,0.35,10.6,44.4,37.8,20.1,17.7,53.2,21.4,7.1,14.4,32.9,0.36
122,"Baylor Bears",35,79.2,100,75.7,0.956,60.7,27,33.7,44.5,51.4,12.7,12.6,0.29,9.3,43.5,36.4,18.6,17.8,51.2,24.3,8.4,15.9,34.4,0.4
122,"Rhode Island Rams",31,81.2,100,77.6,0.956,57.5,26.7,30.8,46.4,53.1,15.3,16.6,0.42,11.4,44.8,35.8,19.1,16.7,53.3,21.7,7.6,14.1,35.1,0.38
126,"Longwood Lancers",32,81.4,100,77.8,0.955,57.4,26.5,30.9,46.1,51.7,14.9,17,0.44,12.4,45.3,37.8,20,17.8,53,19.6,6.4,13.1,32.9,0.34
126,"Maine Black Bears",34,74,100,70.7,0.955,56.9,26.3,30.7,46.1,51.9,13.1,11.6,0.28,8.5,44,38.4,19.6,18.8,51.1,18.5,6.6,11.9,35.8,0.32
128,"Oral Roberts Golden Eagles",30,76,100,72.5,0.954,56.5,24.4,32.1,43.2,51.5,14.5,14.1,0.34,10.8,41.9,30.5,15.1,15.4,49.5,26,9.3,16.7,35.9,0.46
128,"Notre Dame Fighting Irish",33,76,100,72.5,0.954,57.5,25.8,31.8,44.8,51.4,13.6,13.2,0.31,9.9,43.7,35.8,18.2,17.7,50.6,21.7,7.6,14.1,35.1,0.38
130,"Ball State Cardinals",31,78.5,100,74.9,0.953,55.8,25.1,30.6,45.1,51.4,14.4,17.4,0.45,12.5,44.8,35,18,17,51.5,20.8,7.1,13.7,34.2,0.37
131,"Kansas Jayhawks",34,79.9,100,76.1,0.952,61.6,28.9,32.7,46.9,52.9,14.2,10.4,0.24,7.8,43.7,40.5,21.4,19,53,21.1,7.4,13.7,35.2,0.34
132,"Illinois-Chicago Flames",32,80.3,100,76.3,0.95,59.5,27,32.4,45.5,52.4,14.5,13.3,0.33,8.8,43.6,35.9,18.8,17.1,52.4,23.6,8.2,15.3,34.9,0.4
132,"Michigan Wolverines",37,82,100,77.9,0.95,58.5,27.3,31.2,46.6,53.6,16.5,14.1,0.36,9.3,43.7,33.9,19.1,14.7,56.5,24.6,8.1,16.5,33,0.42
134,"Saint Joseph's Hawks",35,78.9,100,74.9,0.949,59.4,25.9,33.5,43.6,51.4,13.9,12.9,0.31,9.3,42.2,31.7,16.7,15,52.7,27.7,9.2,18.5,33.3,0.47
134,"Holy Cross Crusaders",32,73.3,100,69.6,0.949,56.5,25.7,30.8,45.5,53.6,15.3,9.2,0.22,6.8,41.9,32.8,16.6,16.2,50.6,23.7,9.1,14.5,38.6,0.42
136,"Manhattan Jaspers",31,80.2,100,76,0.948,60.7,26.5,34.3,43.6,50.6,13.5,13,0.31,9.3,42.6,35.5,17.9,17.6,50.4,25.3,8.6,16.7,34,0.42
136,"Texas-(San Antonio) Roadrunners",31,80.5,100,76.3,0.948,62.3,26.2,36.1,42,50,12.4,11.9,0.28,9.4,41.8,34.6,16.3,18.3,47.1,27.7,9.9,17.8,35.7,0.44
136,"Princeton Tigers",30,77.6,100,73.5,0.948,60.9,26.3,34.6,43.2,51.8,12.7,10.1,0.24,7.7,41.5,31.3,15.8,15.5,50.4,29.6,10.5,19.1,35.5,0.49
139,"New Mexico Lobos",35,84.8,100,80.3,0.947,63.1,28.8,34.3,45.7,51.2,13.1,14.9,0.36,10.4,44.7,42.9,21.8,21,50.9,20.2,7,13.2,34.5,0.32
139,"Howard Bison",32,81.8,100,77.4,0.947,58,26.7,31.3,46,53.4,17.5,14.3,0.36,10.4,42.9,34.5,18.1,16.4,52.5,23.5,8.6,14.9,36.5,0.4
141,"Memphis Tigers",35,83.8,100,79.3,0.946,59.7,28,31.7,46.9,53.1,16.1,15,0.38,10.7,44.4,39.9,20.6,19.4,51.5,19.7,7.4,12.3,37.6,0.33
141,"Stanford Cardinal",35,77.2,100,73.1,0.946,59.1,25.5,33.6,43.1,50.2,12.7,12.3,0.29,9.1,42.8,34.4,17.1,17.2,49.9,24.8,8.4,16.4,33.8,0.42
141,"Weber State Wildcats",34,75.1,100,71,0.946,56.4,25.4,30.9,45.1,51.7,13.5,13.2,0.32,10.1,43.4,34.8,18.1,16.7,51.9,21.6,7.4,14.2,34.2,0.38
144,"Georgia Bulldogs",33,79.5,100,75.1,0.945,56.7,26,30.7,45.9,52,15.5,15.5,0.39,10.4,44,35.7,19.1,16.6,53.5,21,6.9,14.1,32.9,0.37
144,"Valparaiso University",34,78.8,100,74.5,0.945,60.6,25.7,34.9,42.4,48.7,11.9,13.3,0.32,9.5,43,37.4,17.9,19.5,47.9,23.2,7.7,15.4,33.4,0.38
144,"Rutgers Scarlet Knights",32,81.7,100,77.2,0.945,60.8,27,33.8,44.5,50.4,13.1,15,0.36,10.5,43.8,38.7,19.8,18.9,51.1,22.1,7.3,14.8,32.9,0.36
147,"Bryant University Bulldogs",35,86.2,100,81.4,0.944,66,30,36,45.5,51.3,13.1,12.2,0.29,8.9,43.9,42.7,22.3,20.4,52.2,23.3,7.7,15.5,33.2,0.35
147,"Northern Arizona Lumberjacks",34,79.9,100,75.4,0.944,62.2,28,34.2,45.1,51.5,12.2,11.9,0.28,8.7,43.3,38.9,20,18.9,51.4,23.3,8.1,15.3,34.6,0.37
147,"George Mason Patriots",36,75.2,100,71,0.944,53.3,24.1,29.2,45.2,51.8,15.8,16.1,0.42,11.2,43.9,33.4,17.1,16.3,51.2,19.8,7,12.8,35.2,0.37
147,"Utah Valley Wolverines",34,80,100,75.5,0.944,57.7,26.7,31,46.3,51.6,14.2,16.2,0.4,11.3,45.1,39.4,20.7,18.7,52.5,18.3,6,12.2,33,0.32
147,"Lehigh Mountain Hawks",30,74.5,100,70.3,0.944,56.2,25.2,31,44.9,51.9,13.6,12.8,0.31,9,43.2,34.8,17.4,17.5,49.9,21.4,7.9,13.5,36.8,0.38
147,"Bucknell Bison",33,77.9,100,73.5,0.944,56.2,26,30.2,46.3,53.5,15.5,14.2,0.36,9,43.5,33.2,17.9,15.3,53.9,22.9,8.1,14.8,35.3,0.41
153,"Central Michigan Chippewas",31,79.8,100,75.3,0.943,58.3,26.9,31.4,46.2,51.6,14.6,14.6,0.36,10.2,44.4,38.6,20.5,18.1,53.1,19.6,6.4,13.3,32.5,0.34
153,"American University Eagles",35,72.4,100,68.3,0.943,54.4,23.9,30.5,44,51.8,14.4,11.9,0.29,8,42.4,29.8,15.4,14.4,51.6,24.6,8.5,16.1,34.7,0.45
155,"San Jose State Spartans",35,76.3,100,71.9,0.942,57.5,25.4,32.1,44.2,51.2,13.9,12.6,0.31,10,42.8,34.1,17.3,16.8,50.8,23.3,8.1,15.3,34.5,0.41
155,"Southeast Missouri State Redhawks",32,78,100,73.5,0.942,59.7,27.1,32.6,45.3,51.5,13.4,11.3,0.28,8.5,43.5,37.8,19.8,18,52.3,21.9,7.3,14.6,33.3,0.37
155,"Arkansas State Red Wolves",36,84,100,79.1,0.942,64.8,27.3,37.5,42.2,49.4,11.6,12.9,0.32,10,42.7,35.5,17.9,17.6,50.4,29.3,9.4,19.9,32.2,0.45
155,"Youngstown State Penguins",34,80.7,100,76,0.942,59.7,25.9,33.9,43.3,50.6,14.1,14.4,0.36,9.6,42.6,32.4,17.1,15.2,52.9,27.4,8.7,18.6,31.9,0.46
159,"Northwestern Wildcats",33,76.4,100,71.8,0.94,58.8,25.9,32.9,44,49.7,12.2,13.2,0.31,9.6,43.6,38.5,19.2,19.3,49.8,20.3,6.7,13.6,33.1,0.35
160,"Idaho Vandals",32,77.3,100,72.6,0.939,56.9,24.6,32.3,43.3,51.5,15.1,12.9,0.33,8.9,41.7,29.6,15.3,14.4,51.5,27.3,9.4,17.9,34.4,0.48
160,"Eastern Kentucky Colonels",32,82.4,100,77.4,0.939,65.5,27.5,38,42,49.3,11.1,11.2,0.26,8,41.8,37.7,18,19.7,47.7,27.8,9.6,18.3,34.3,0.43
162,"Niagara Purple Eagles",31,72.3,100,67.8,0.938,53.5,24,29.5,44.8,52.3,15.8,12.4,0.3,9.1,42,30.4,15.9,14.5,52.4,23.1,8.1,15.1,34.9,0.43
162,"Charlotte 49ers",33,75.1,100,70.5,0.938,55.2,23,32.2,41.7,48.1,12.3,16.8,0.42,12.3,43.3,32.3,16,16.3,49.6,22.8,7,15.8,30.6,0.41
162,"Saint Mary's Gaels",35,77.3,100,72.5,0.938,59.8,26.8,33,44.8,50.1,11.7,13.2,0.3,9.8,43.8,39.6,20.4,19.2,51.5,20.2,6.4,13.8,31.7,0.34
162,"Campbell Fighting Camels",33,73.6,100,69.1,0.938,56.2,24.5,31.7,43.6,50.3,13.2,12.6,0.29,9.7,42.5,33.1,17.1,16,51.6,23.2,7.5,15.7,32.2,0.41
162,"Robert Morris Colonials",35,81.9,100,76.7,0.938,59.6,26.7,32.9,44.8,51.1,14.8,14.8,0.37,10.2,43.6,37.7,19.1,18.6,50.6,21.9,7.6,14.3,34.6,0.37
167,"Texas State Bobcats",31,80,100,74.9,0.937,59,26.7,32.3,45.3,50.2,14.2,14.3,0.35,10.9,44,42.6,20.8,21.8,48.9,16.4,5.9,10.5,35.8,0.28
168,"Arizona State Sun Devils",33,78.6,100,73.5,0.935,57.5,25.2,32.3,43.8,51.3,14.8,14.1,0.35,10.6,42.6,33.2,16.5,16.6,49.8,24.3,8.6,15.7,35.5,0.42
168,"Sam Houston State Bearkats",32,79.9,100,74.7,0.935,58.2,25.7,32.5,44.1,51.5,15.4,13.9,0.35,10.5,42.1,35.7,17.1,18.6,47.9,22.5,8.6,13.9,38.1,0.39
168,"Elon Phoenix",33,77.9,100,72.8,0.935,56.4,24.7,31.7,43.8,50.7,15.1,14.7,0.37,10.3,42.8,32.5,16.8,15.7,51.8,23.9,7.8,16,32.9,0.42
168,"Queens University of Charlotte Royals",35,80.9,100,75.6,0.935,59.4,26.4,33,44.5,52.1,15,13.8,0.34,10,42.2,33.1,17.3,15.8,52.3,26.3,9.1,17.2,34.6,0.44
168,"Eastern Washington Eagles",32,76,100,71,0.935,56.1,25.5,30.6,45.5,51.5,15.7,12.4,0.3,8.6,42.9,35.3,18.8,16.6,53.1,20.8,6.8,14,32.5,0.37
173,"Eastern Michigan Eagles",31,78,100,72.9,0.934,57.2,25.9,31.4,45.2,51.8,15.6,13.2,0.32,8.4,42.8,35.3,18.3,16.9,52,22,7.5,14.4,34.4,0.38
173,"Middle Tennessee State Blue Raiders",34,81.7,100,76.4,0.934,61.6,27.6,33.9,44.9,51,13.2,13.6,0.33,10.4,43.3,37.5,20.1,17.4,53.7,24,7.5,16.5,31.2,0.39
175,"Loyola Marymount Lions",32,75.6,100,70.6,0.933,58.3,25.5,32.8,43.7,50.5,13,11.9,0.28,8.6,42.4,34.5,17.6,16.9,51,23.8,7.9,15.9,33.1,0.41
175,"DePaul Blue Demons",34,77.2,100,72,0.933,58.1,25.9,32.3,44.5,52.4,15.3,11.3,0.27,9,41.4,31.4,16.6,14.8,53,26.7,9.2,17.5,34.5,0.46
175,"Grand Canyon University Antelopes",34,83.2,100,77.6,0.933,58.6,26.5,32.1,45.3,50.5,15.1,16.5,0.43,11.7,44.6,38.7,20.4,18.3,52.6,19.9,6.2,13.8,31,0.34
178,"Murray State Racers",33,76.2,100,70.9,0.932,55.2,23.6,31.6,42.8,49.6,13.8,16,0.4,11.5,43.2,33.2,16.1,17.1,48.6,22.1,7.5,14.5,34.1,0.4
179,"Virginia Military Keydets",34,78.4,100,73,0.931,57.6,24.4,33.1,42.5,50.2,14.4,13.8,0.35,9,41.8,30.1,15.6,14.5,51.7,27.5,8.9,18.6,32.3,0.48
179,"Cleveland State Vikings",36,77.1,100,71.8,0.931,58.6,26.4,32.1,45.1,50.6,13.8,12.6,0.3,9.3,43.3,39.5,20,19.5,50.7,19.1,6.4,12.7,33.5,0.33
179,"George Washington Revolutionaries",34,78.6,100,73.2,0.931,56.3,25,31.3,44.4,51,15.3,15.9,0.4,12.2,43.2,32.6,17.6,15,53.9,23.7,7.4,16.3,31.4,0.42
179,"Cal State Northridge Matadors",33,85.2,100,79.3,0.931,62,28.7,33.3,46.3,51.7,15.6,14.2,0.34,9.9,43.6,42.5,22.1,20.4,52,19.5,6.6,12.8,34.1,0.31
179,"Mercyhurst Lakers",31,72.7,100,67.7,0.931,55.3,23.7,31.5,42.9,49.1,13.4,12.9,0.3,8.7,42.4,35.5,16.9,18.6,47.6,19.8,6.8,13,34.5,0.36
184,"Denver Pioneers",32,77.4,100,72,0.93,57.4,25.6,31.8,44.7,51,15.2,13.2,0.32,9.4,42.5,36.5,18.4,18.1,50.3,20.9,7.3,13.6,34.7,0.36
184,"Wisconsin-(Green Bay) Phoenix",32,74.8,100,69.5,0.93,53.9,23.2,30.7,43,50.5,15.8,14,0.36,10.4,42.1,29.1,15.1,14.1,51.7,24.8,8.1,16.7,32.7,0.46
184,"UCF Knights",37,85.1,100,79.2,0.93,63,26.7,36.3,42.4,49.4,14,14.1,0.35,10.3,42.3,36.6,17.9,18.8,48.8,26.4,8.8,17.5,33.5,0.42
184,"Saint Francis (PA) Red Flash",34,76.2,100,70.9,0.93,58,26.5,31.4,45.8,52.9,16.2,9.5,0.23,7,41.5,33.4,18.3,15.1,54.8,24.6,8.3,16.4,33.6,0.42
184,"Indiana Hoosiers",32,79.8,100,74.2,0.93,59.5,27.1,32.4,45.6,50.9,14.1,13.7,0.32,9.4,43.7,39.7,20.8,18.9,52.4,19.8,6.3,13.5,31.8,0.33
184,"Le Moyne Dolphins",32,79.2,100,73.7,0.93,56.7,25.8,30.9,45.4,52.4,16.7,13.8,0.36,9.8,42.8,33.1,17.8,15.3,53.9,23.6,7.9,15.7,33.6,0.42
184,"UTEP Miners",33,77.9,100,72.4,0.93,57.3,25,32.3,43.6,50,14,14.9,0.37,11.4,42.9,36.4,17.7,18.7,48.6,21,7.3,13.6,35,0.37
191,"Pepperdine Waves",34,78,100,72.5,0.929,59.8,26.3,33.5,44,49.9,12.8,12.5,0.3,9,42.7,39.1,19.2,19.9,49.2,20.7,7.1,13.6,34.1,0.35
191,"South Carolina State Bulldogs",33,84.6,100,78.6,0.929,59.2,27.1,32.1,45.8,51.8,16.3,15.9,0.41,11.3,43.8,39.2,20.1,19.2,51.1,19.9,7.1,12.9,35.4,0.34
193,"Wisconsin-(Milwaukee) Panthers",32,83.9,100,77.8,0.928,60.6,28.2,32.4,46.5,51.3,15,15.6,0.38,10.2,44,41.4,22.3,19.1,53.9,19.3,5.9,13.4,30.5,0.32
193,"Portland Pilots",32,78.2,100,72.5,0.928,57.7,25.1,32.6,43.5,50.9,15.6,12.7,0.31,8.7,41.4,33.1,16.6,16.4,50.3,24.7,8.5,16.2,34.5,0.43
195,"South Florida Bulls",32,80.1,100,74.3,0.927,59.7,26.3,33.4,44.1,50,13.3,13.8,0.34,9.3,43.4,37.3,19.2,18,51.6,22.4,7.1,15.3,31.5,0.38
195,"Richmond Spiders",32,71.9,100,66.7,0.927,54.8,22.8,32,41.6,48.8,13.1,12.7,0.31,9.2,41.7,29.5,15,14.5,50.8,25.3,7.8,17.5,30.9,0.46
195,"UMKC Kangaroos",33,77.9,100,72.2,0.927,58.1,24.8,33.3,42.6,50.2,14.3,12.7,0.32,8.1,41.6,32,15.9,16.1,49.8,26.1,8.8,17.3,33.8,0.45
195,"East Carolina Pirates",33,81.4,100,75.4,0.927,61.2,26.5,34.6,43.4,48.9,12.5,14.6,0.36,10.9,43.5,39.8,19.8,19.9,49.9,21.4,6.7,14.7,31.3,0.35
199,"Florida State Seminoles",32,80.3,100,74.4,0.926,57.7,26.1,31.6,45.2,50.5,14.9,15.4,0.39,11,44,38.2,19.9,18.2,52.3,19.5,6.1,13.4,31.4,0.34
199,"Marshall Thundering Herd",33,81.6,100,75.6,0.926,61.2,26.7,34.5,43.7,50.1,13.3,13.7,0.34,9.4,43.2,36.4,18.8,17.6,51.7,24.8,7.9,16.9,31.8,0.4
199,"Sacred Heart Pioneers",33,81.6,100,75.6,0.926,62.4,27.1,35.3,43.4,51.1,14.3,11.1,0.26,8.5,41.4,34.7,17.5,17.2,50.4,27.7,9.6,18.1,34.6,0.44
199,"UNLV Rebels",33,73.7,100,68.2,0.926,55,24,31,43.6,49.4,13.2,15,0.35,10.7,43,36,17.7,18.3,49.1,19.1,6.3,12.7,33.2,0.35
203,"San Diego State Aztecs",31,76.1,100,70.4,0.925,57.8,25.5,32.4,44.1,50.7,13.2,13.4,0.31,9.4,42.4,34.7,17.8,16.9,51.4,23.1,7.6,15.5,33.1,0.4
203,"Albany Great Danes",33,80.8,100,74.7,0.925,62.3,27.4,34.8,44,49.9,12.5,12.2,0.28,9.2,42.8,39.8,20.2,19.7,50.6,22.4,7.2,15.2,32.3,0.36
203,"Idaho State Bengals",30,80,100,74,0.925,60.7,26,34.7,42.8,48.9,12.5,13.9,0.33,9.9,42.5,37.9,18.6,19.3,49.1,22.8,7.4,15.4,32.3,0.38
206,"Southern Illinois Salukis",32,78,100,72.1,0.924,57.4,26.2,31.2,45.6,51.4,15.3,13.7,0.33,10.4,43.2,38.1,19.5,18.5,51.3,19.3,6.7,12.7,34.5,0.34
206,"Merrimack Warriors",33,70.8,100,65.5,0.924,56.2,23.8,32.4,42.4,49.5,11.8,10.3,0.24,7.7,41.5,31.9,15.9,16,49.8,24.3,7.9,16.3,32.7,0.43
206,"Providence Friars",32,77.1,100,71.3,0.924,57.4,25.2,32.2,43.9,52,15.3,11.8,0.29,8.6,41.2,31.2,15.9,15.3,51.1,26.2,9.3,16.9,35.4,0.46
206,"Army Black Knights",33,78.8,100,72.8,0.924,62,26.9,35,43.5,50.2,11.9,11,0.25,7.8,41.9,35.4,18.6,16.8,52.5,26.6,8.4,18.2,31.5,0.43
206,"Drexel Dragons",34,75.2,100,69.5,0.924,57.5,26.1,31.3,45.5,52,15.1,10.4,0.24,7.4,42.1,36.2,18.6,17.6,51.4,21.3,7.5,13.7,35.4,0.37
211,"Stetson Hatters",32,77.7,100,71.7,0.923,56.9,25.3,31.7,44.4,50.8,15.8,13.8,0.33,10.4,42.3,35.4,18,17.4,50.8,21.5,7.3,14.3,33.8,0.38
211,"Texas-(Rio Grande Valley) Vaqueros",31,82.4,100,76,0.923,63.5,28,35.5,44.1,52.3,15.3,9.3,0.21,7.2,40.7,31.3,17.5,13.8,55.9,32.2,10.5,21.7,32.5,0.51
213,"LSU Tigers",32,80,100,73.8,0.922,59.1,26.2,32.9,44.3,50.9,15.5,13,0.32,9.5,42,33.2,18.3,14.8,55.3,25.9,7.8,18.1,30.2,0.44
213,"Siena Saints",32,78.1,100,72,0.922,57.4,24.5,32.9,42.6,49.1,14.2,14.6,0.37,9.8,42,34.5,17,17.5,49.3,22.9,7.5,15.4,32.6,0.4
215,"Tennessee Tech Golden Eagles",32,78,100,71.8,0.921,58.9,25.3,33.7,42.8,51,14.5,11.6,0.29,8.8,40.8,31.3,15.7,15.6,50.1,27.6,9.6,18.1,34.6,0.47
215,"Wake Forest Demon Deacons",32,75.7,100,69.7,0.921,55.7,24.6,31.2,44.1,49.1,14.1,14.7,0.35,10.2,43.2,36.1,19,17.1,52.6,19.7,5.6,14.1,28.5,0.35
215,"North Carolina Central Eagles",33,84.3,100,77.6,0.921,60.9,27.4,33.5,44.9,50.9,15.2,14.7,0.37,11.1,43.1,39.8,20.1,19.7,50.5,21.2,7.3,13.9,34.4,0.35
215,"St. Bonaventure Bonnies",34,74.1,100,68.3,0.921,56.6,25,31.6,44.2,49.6,13.3,12.4,0.29,9.9,42.8,36.5,18.8,17.7,51.5,20.1,6.2,13.9,30.8,0.36
219,"UC Riverside Highlanders",34,80.4,100,74,0.92,62.1,26.4,35.7,42.5,49.7,13.2,11.2,0.26,8.1,41.2,35.6,17.4,18.2,48.9,26.5,8.9,17.5,33.8,0.43
219,"Cincinnati Bearcats",35,77,100,70.9,0.92,60.7,27.1,33.5,44.7,50.9,12.7,10.1,0.23,7.4,41.9,37.5,19.6,17.9,52.3,23.2,7.5,15.7,32.4,0.38
219,"Georgia State Panthers",33,81.2,100,74.8,0.92,61,27.1,33.9,44.4,50.2,13.6,13.4,0.32,10.4,43,40.2,20.1,20.2,49.9,20.8,7,13.8,33.8,0.34
219,"North Dakota Fighting Hawks",33,83.8,100,77.1,0.92,63.2,27.2,36,43.1,49.6,13.3,13.8,0.32,9.9,42.4,37.8,19,18.8,50.3,25.4,8.2,17.2,32.3,0.4
219,"Morgan State Bears",32,86.4,100,79.5,0.92,63.2,29.5,33.7,46.7,50.3,15.1,14,0.35,11.4,44.4,49.5,24.9,24.6,50.3,13.6,4.6,9,33.7,0.22
219,"Syracuse Orange",33,80.9,100,74.4,0.92,60,27.2,32.9,45.2,50.6,14.9,13.5,0.32,9.9,42.9,40.4,20.8,19.6,51.4,19.7,6.4,13.3,32.5,0.33
219,"East Tennessee State Buccaneers",32,78.1,100,71.8,0.92,59.2,25.4,33.7,43,50.2,12.9,13.1,0.32,9.6,42.1,34.9,17,17.9,48.7,24.3,8.5,15.8,34.9,0.41
226,"St. John's Red Storm",36,85,100,78.2,0.919,65.8,29.2,36.6,44.4,49,11.9,13.2,0.3,9.1,43.3,45.4,23.1,22.3,50.9,20.4,6.1,14.3,29.9,0.31
226,"Binghamton Bearcats",32,75.5,100,69.4,0.919,54.4,25,29.4,46,52.5,17,13.2,0.33,10.1,42.2,34.5,17.9,16.6,52,19.9,7.1,12.8,35.5,0.37
226,"Southeastern Louisiana Lions",32,78.9,100,72.5,0.919,58.7,25.8,32.9,44,49.1,14.1,13.7,0.34,10.7,43.3,40,19.7,20.3,49.2,18.6,6.1,12.5,32.7,0.32
229,"Vermont Catamounts",33,72.5,100,66.5,0.918,54.6,23.5,31,43.1,50.2,14.3,12.1,0.3,8.4,41.5,31.1,15.8,15.3,50.8,23.5,7.8,15.8,33,0.43
229,"Fairleigh Dickinson Knights",32,79.1,100,72.6,0.918,59.3,25.5,33.8,43,49.9,14,13.2,0.32,10,41.9,34.4,17.3,17.1,50.3,24.9,8.2,16.7,32.9,0.42
229,"Portland State Vikings",32,82.1,100,75.4,0.918,60.6,28.5,32.1,47,52.2,15,13.2,0.32,9.1,44,41.2,22.3,19,54,19.4,6.3,13.1,32.3,0.32
232,"Austin Peay Governors",33,77.3,100,70.9,0.917,60.1,25.1,35,41.7,48.7,12.1,12,0.28,9.6,41.5,35.6,16.7,18.9,46.9,24.5,8.4,16.2,34.2,0.41
232,"Harvard Crimson",27,74.3,100,68.1,0.917,56.5,25.1,31.4,44.4,50.8,15.4,10.3,0.25,7.6,41.6,34,17.8,16.2,52.3,22.5,7.3,15.2,32.4,0.4
232,"Utah Utes",33,81.8,100,75,0.917,59.7,26.5,33.2,44.4,51.5,14.8,14.3,0.36,10.6,42.3,33.6,18,15.6,53.5,26.1,8.5,17.6,32.6,0.44
235,"Washington Huskies",31,77.8,100,71.3,0.916,57.3,25.4,31.9,44.3,50.5,14.8,14.4,0.35,10.7,43,36.8,18.4,18.5,49.9,20.5,7,13.4,34.4,0.36
235,"West Virginia Mountaineers",32,74.2,100,68,0.916,57.6,24.4,33.2,42.4,49.9,13.3,10.7,0.25,8,40.6,31.3,15.8,15.5,50.5,26.3,8.7,17.7,32.9,0.46
235,"North Carolina State Wolfpack",31,75.5,100,69.2,0.916,57.9,24.5,33.4,42.3,48.1,12.2,13.6,0.32,11.2,42.5,36.9,17.8,19.1,48.3,21,6.7,14.3,32,0.36
238,"Stonehill College Skyhawks",32,74.7,100,68.4,0.915,55,23.7,31.4,43,50.8,15.4,12.4,0.31,9.3,41.4,30.8,15.1,15.7,49.1,24.3,8.6,15.7,35.3,0.44
238,"Canisius Golden Griffins",31,70.5,100,64.5,0.915,54.2,23.5,30.7,43.4,51,15.4,9.8,0.23,8.1,40.4,31.8,15.3,16.5,48.1,22.4,8.2,14.2,36.7,0.41
238,"Brown Bears",27,78.7,100,72,0.915,59.9,26.7,33.2,44.6,51.5,14,11.3,0.27,8.4,41.9,35.4,18.6,16.9,52.4,24.5,8.2,16.3,33.4,0.41
241,"Cal State Bakersfield Roadrunners",33,80.3,100,73.4,0.914,59.4,25.8,33.6,43.4,48.9,14.5,13.6,0.33,9.4,42.2,41.9,19.2,22.8,45.7,17.5,6.6,10.8,37.8,0.29
241,"Texas-(Arlington) Mavericks",31,80.5,100,73.5,0.914,57.8,25.6,32.2,44.3,51.7,15.8,14.2,0.36,9.6,41.7,33.1,16.9,16.1,51.2,24.7,8.6,16.1,34.9,0.43
241,"Kent State Golden Flashes",36,80,100,73.1,0.914,60.9,26.4,34.6,43.3,49.2,13.7,12.4,0.29,8.6,42,38.2,19.2,19,50.2,22.8,7.2,15.6,31.6,0.37
244,"Minnesota Golden Gophers",32,74.6,100,68.1,0.913,56.5,24.9,31.6,44,49.9,13.2,13.2,0.31,8.8,42.4,36.3,18.3,18,50.4,20.3,6.6,13.7,32.6,0.36
245,"Tulsa Golden Hurricane",33,77.9,100,71.1,0.912,58.2,25.1,33.1,43.1,49.8,13.8,13.5,0.34,10.7,41.9,33.4,17.2,16.2,51.5,24.8,7.9,16.9,31.7,0.43
246,"Bowling Green Falcons",31,78.6,100,71.7,0.911,58.3,25,33.3,42.8,49.4,14.6,13.2,0.32,10.5,41.3,34.8,17.3,17.6,49.5,23.5,7.7,15.7,32.9,0.4
246,"Western Kentucky Hilltoppers",32,81.5,100,74.3,0.911,62.3,26.1,36.1,42,48.4,13,13.1,0.31,10.5,41.6,37.4,18.1,19.3,48.3,24.9,8.1,16.8,32.4,0.4
246,"Navy Midshipmen",34,77.5,100,70.6,0.911,58.3,24.6,33.7,42.2,48.4,13.2,13.5,0.33,8.7,41.7,36.6,17.3,19.4,47.1,21.7,7.3,14.4,33.7,0.37
246,"Georgia Tech Yellow Jackets",34,79.5,100,72.4,0.911,59.9,26.2,33.7,43.7,50,14.1,12.7,0.3,9.6,41.6,37.9,18.6,19.2,49.2,22,7.6,14.5,34.3,0.37
250,"Lafayette Leopards",33,74.5,100,67.8,0.91,56.2,24.3,31.9,43.3,50.1,14.1,12.5,0.3,9.5,41.4,33.2,16.6,16.6,50,22.9,7.7,15.2,33.6,0.41
250,"Kansas State Wildcats",33,77.9,100,70.9,0.91,59.3,26,33.3,43.9,50.4,14.4,11.6,0.27,8.3,41.3,35.5,18.3,17.2,51.6,23.8,7.7,16.1,32.4,0.4
250,"California Golden Bears",33,82.6,100,75.2,0.91,60.7,25.3,35.3,41.8,47.7,13.5,15.3,0.38,10.9,42.3,37.6,18.2,19.4,48.3,23.1,7.2,15.9,31,0.38
250,"Georgetown Hoyas",34,78.7,100,71.6,0.91,60.8,26.8,34.1,44,50.1,13.9,11.1,0.25,8.4,41.5,37.5,19.3,18.1,51.6,23.4,7.4,15.9,31.9,0.38
254,"Nicholls State Colonels",33,81.3,100,73.9,0.909,61.7,26.3,35.4,42.7,48.9,12.6,13.4,0.32,11.2,42.2,39.5,18.6,20.9,47.1,22.1,7.7,14.5,34.7,0.36
254,"Coastal Carolina Chanticleers",32,73.3,100,66.7,0.909,54.5,23.1,31.4,42.4,49.3,14.2,13.8,0.34,9.8,41.3,32.7,15.6,17.1,47.8,21.8,7.5,14.3,34.3,0.4
254,"Appalachian State Mountaineers",31,74.5,100,67.7,0.909,54.9,23.8,31.1,43.3,50.4,13.9,14.1,0.35,9.9,42,32.1,16.1,16,50.1,22.9,7.7,15.1,33.9,0.42
254,"Wichita State Shockers",34,81.4,100,74,0.909,60.4,26.8,33.7,44.3,48.6,13.7,13.9,0.35,10.9,43.3,43.2,21.6,21.6,50,17.2,5.2,12.1,30,0.29
254,"Hawaii Warriors",31,76.6,100,69.6,0.909,53.7,23.9,29.8,44.5,50.6,17,14.8,0.38,9.3,42.7,32.8,17.4,15.5,52.9,20.9,6.5,14.4,31.2,0.39
254,"Oakland Golden Grizzlies",34,77.5,100,70.4,0.909,58.4,25.3,33.1,43.3,49.7,14,12.6,0.3,7.8,41.7,33.5,17.8,15.7,53.2,24.9,7.5,17.4,30.1,0.43
254,"Gardner-Webb Runnin' Bulldogs",31,81.1,100,73.7,0.909,57.9,26.6,31.3,46,51.4,17.3,14.7,0.35,10.8,42.6,38.8,20.4,18.5,52.5,19.1,6.3,12.8,32.8,0.33
261,"Delaware State Hornets",30,86,100,78.1,0.908,64.1,28.9,35.1,45.2,49.1,14.4,13.7,0.33,10.4,43.3,50.2,23.8,26.4,47.4,13.8,5.1,8.7,36.9,0.22
261,"Troy Trojans",35,79.5,100,72.2,0.908,56.9,24.6,32.3,43.2,49.9,15.8,14.7,0.37,10.8,41.9,31.4,17,14.4,54.1,25.5,7.6,17.9,29.8,0.45
261,"Kennesaw State Fighting Owls",33,83.9,100,76.1,0.908,60.7,25.9,34.8,42.7,49.8,15.4,14.3,0.36,10.4,41.4,32.9,17.3,15.6,52.7,27.8,8.6,19.2,30.9,0.46
264,"Western Illinois Leathernecks",31,75.4,100,68.4,0.907,57.1,24.9,32.2,43.6,50.6,14.8,11.1,0.27,9,41.1,35.6,17,18.6,47.7,21.5,8,13.6,37,0.38
264,"Virginia Tech Hokies",32,76.2,100,69.1,0.907,55.8,24.5,31.2,44,51.1,16.7,12.4,0.3,9.5,41.1,33.3,16.7,16.6,50,22.5,7.9,14.6,35,0.4
266,"South Carolina Gamecocks",32,76.8,100,69.6,0.906,54.3,23.2,31.2,42.6,48.8,15.2,16.4,0.43,12.4,42.6,33,16.5,16.5,50,21.3,6.7,14.7,31.3,0.39
266,"Hampton Pirates",33,79.1,100,71.7,0.906,60.8,25.8,35.1,42.3,48.4,12.7,12.4,0.3,9.3,41.7,38.4,18.3,20.1,47.8,22.5,7.4,15,33.1,0.37
268,"Towson Tigers",34,77,100,69.7,0.905,60.2,25.3,34.9,42,48.3,11.7,12.4,0.28,9.4,41.6,37.6,17.6,20,46.8,22.6,7.7,15,33.9,0.38
268,"Tennessee State Tigers",33,85.9,100,77.7,0.905,60.3,27.5,32.8,45.5,51,16.8,15.2,0.39,10.7,43,39.5,20.8,18.7,52.7,20.8,6.6,14.2,31.8,0.34
270,"Northern Kentucky Norse",33,79.5,100,71.7,0.902,59.2,25.8,33.5,43.5,50.1,14.3,12.9,0.31,8.5,41.8,35.9,17.9,17.9,50,23.4,7.8,15.5,33.5,0.39
270,"Florida A&M Rattlers",31,79.3,100,71.5,0.902,56.4,24.3,32.1,43.1,51,17.3,13.6,0.35,10.1,40.7,29.9,15.4,14.5,51.6,26.5,8.9,17.6,33.5,0.47
270,"Northeastern Huskies",32,77,100,69.5,0.902,57.7,25.9,31.8,44.9,50.7,15.5,11.4,0.28,8,41.9,37.6,19.1,18.5,50.9,20.1,6.8,13.3,33.6,0.35
273,"Tennessee-Martin Skyhawks",33,82.4,100,74.3,0.901,61,25.4,35.6,41.6,49.2,14.7,13.3,0.33,9.9,40.2,32,16.1,15.9,50.4,29,9.3,19.7,32,0.48
273,"Loyola (MD) Greyhounds",31,76.6,100,69,0.901,57.5,25,32.5,43.4,49.8,14.7,12.2,0.29,8.9,41.1,34.7,17.6,17.1,50.7,22.8,7.4,15.5,32.3,0.4
275,"Pennsylvania Quakers",27,77,100,69.4,0.9,59,24.7,34.3,41.8,49,13.5,11.6,0.28,8,40.4,33.1,16.2,16.9,49,25.9,8.4,17.4,32.6,0.44
275,"Boston College Eagles",31,78.1,100,70.2,0.9,58.3,25.2,33,43.3,49,14.4,12.9,0.31,9.5,41.6,39.2,18.6,20.5,47.5,19.1,6.6,12.5,34.6,0.33
277,"Stony Brook Seawolves",32,73.2,100,65.8,0.899,55.3,22.9,32.5,41.3,48,14.4,13.1,0.31,11,40.1,33.6,15.5,18.1,46.2,21.7,7.3,14.4,33.8,0.39
277,"Hofstra Pride",33,73.7,100,66.2,0.899,56.5,23.9,32.5,42.4,49.7,14.1,10.6,0.25,7.2,40.5,32.1,15.7,16.4,48.8,24.4,8.2,16.1,33.8,0.43
279,"Southern Indiana Screaming Eagles",30,79.4,100,71.3,0.898,60.2,25.5,34.7,42.4,48.4,13.8,12.2,0.3,9.3,41.6,39.8,18.3,21.4,46.1,20.4,7.2,13.2,35.2,0.34
280,"Northwestern State Demons",33,76.3,100,68.5,0.897,55.8,24.4,31.4,43.7,50.2,16.3,12.5,0.31,9.3,40.9,35.5,17.1,18.4,48.2,20.3,7.2,13.1,35.7,0.36
280,"SIU Edwardsville Cougars",34,79.7,100,71.5,0.897,60.1,25.6,34.4,42.7,48.8,13.4,13.2,0.32,9.9,41.6,37.9,18.3,19.5,48.4,22.2,7.3,14.9,33,0.37
282,"Mercer Bears",33,84.8,100,75.9,0.896,64.6,27.8,36.8,43,49.4,13.8,12.1,0.29,9.7,40.9,38.7,19.5,19.2,50.5,25.9,8.2,17.6,31.9,0.4
282,"Boston University Terriers",32,74.8,100,67,0.896,54.7,24,30.7,43.9,51,16.5,12.2,0.31,8.6,41,31.4,16.2,15.3,51.4,23.3,7.8,15.4,33.6,0.43
282,"Northern Illinois Huskies",31,78.8,100,70.6,0.896,60,24.3,35.7,40.5,48.4,13.8,12.4,0.3,9.3,39.5,31.4,14.8,16.6,47.2,28.6,9.5,19.1,33.1,0.48
285,"Duquesne Dukes",32,77.1,100,68.9,0.895,57.6,24.8,32.8,43.1,50.3,15,12,0.29,8,40.7,32.9,16.4,16.5,49.9,24.7,8.4,16.3,33.9,0.43
286,"Alabama State Hornets",36,81.4,100,72.8,0.894,64.1,25.8,38.4,40.2,47.1,10.8,12.4,0.28,9.6,40.2,36.9,16.9,20,45.8,27.2,8.8,18.3,32.5,0.42
286,"Colorado Buffaloes",35,77.6,100,69.4,0.894,55,24.2,30.7,44.1,50,17.7,13.6,0.35,9,41.5,34.5,17.7,16.8,51.3,20.5,6.5,14,31.9,0.37
286,"Monmouth Hawks",33,77.4,100,69.2,0.894,57.9,23.5,34.4,40.6,46.6,13.2,14.5,0.36,11,40.9,38.1,16.6,21.5,43.7,19.8,6.9,12.9,34.8,0.34
289,"Fordham Rams",33,82.8,100,73.9,0.893,61.4,25.8,35.6,42,48.7,14.9,12.8,0.32,9.6,40.8,35.8,17.5,18.3,49,25.5,8.2,17.3,32.3,0.42
290,"Mount St. Mary's Mountaineers",36,78.5,100,70,0.892,56.3,24.7,31.6,43.9,50.9,18.1,12.2,0.31,8.4,40.6,33.1,16.8,16.4,50.5,23.1,7.9,15.2,34.3,0.41
290,"USC Upstate Spartans",32,83.5,100,74.5,0.892,61.1,27.5,33.6,45,50.7,16.3,12.2,0.3,9.4,41.6,38.5,20.6,17.8,53.6,22.7,6.9,15.8,30.5,0.37
292,"New Mexico State Aggies",31,77.9,100,69.5,0.891,58.9,24.5,34.4,41.6,47.7,12.9,13.7,0.33,9.9,41.4,36.8,17.3,19.6,46.8,22.1,7.2,14.8,32.7,0.37
292,"Rice Owls",32,78.6,100,70,0.891,56,23.3,32.7,41.7,48,14.3,16.6,0.42,10.8,41.9,34.2,16.2,18,47.4,21.8,7.1,14.7,32.6,0.39
294,"Quinnipiac Bobcats",33,82.8,100,73.7,0.89,61.5,26.1,35.4,42.5,48.1,14.8,12.7,0.31,9.3,41.3,38.3,19.2,19.1,50.2,23.2,6.9,16.3,29.7,0.38
294,"Seattle Redhawks",32,78.5,100,69.8,0.89,56.5,23.3,33.3,41.1,47,14,16.2,0.41,11.3,41.7,35.8,16.6,19.2,46.3,20.8,6.7,14.1,32.2,0.37
296,"Missouri State Bears",32,76.4,100,67.9,0.889,54.9,24.2,30.7,44.1,50.7,16.7,13.3,0.34,10.1,41.6,34.5,17.1,17.4,49.5,20.4,7.2,13.3,35.1,0.37
296,"California Baptist Lancers",32,79.3,100,70.5,0.889,60.2,25.4,34.8,42.2,47.7,14.2,12.2,0.29,9.4,40.9,39.2,18.8,20.3,48,21,6.6,14.4,31.4,0.35
296,"Houston Christian Huskies",32,73.9,100,65.7,0.889,55.1,23.1,31.9,42,49.1,15.1,12.7,0.31,10.3,40.5,30.9,15.3,15.6,49.4,24.2,7.8,16.3,32.5,0.44
299,"Georgia Southern Eagles",33,82.9,100,73.6,0.888,62.6,26.8,35.9,42.7,50.3,15.4,11.2,0.26,8.5,39.7,35,17.3,17.7,49.5,27.7,9.5,18.2,34.2,0.44
299,"Texas A&M Aggies",34,83.6,100,74.2,0.888,60.5,25.1,35.4,41.5,47.3,13.8,16,0.41,11.1,42.2,37.4,18.2,19.2,48.7,23.1,6.9,16.1,30,0.38
299,"Long Beach State 49ers",32,74.9,100,66.5,0.888,53.2,22.9,30.3,43.1,49.5,17.2,13.4,0.35,9.3,40.9,33.5,16.1,17.4,48,19.7,6.8,12.8,34.7,0.37
302,"Pacific Tigers",33,78.3,100,69.4,0.887,57.5,24.8,32.6,43.2,48.8,15.8,13.1,0.32,9.8,41.2,36,18.4,17.6,51.2,21.5,6.4,15.1,29.9,0.37
302,"Marist Red Foxes",30,74.3,100,65.9,0.887,57.1,25.2,31.9,44.1,50.1,14.9,9.3,0.22,5.9,40.7,35.6,18.4,17.1,51.8,21.5,6.8,14.8,31.4,0.38
304,"Prairie View A&M Panthers",32,80.5,100,71.3,0.886,60,25.7,34.3,42.8,48.1,13.7,13.5,0.33,9.6,41.6,40,19.3,20.7,48.2,19.9,6.3,13.6,31.8,0.33
305,"Rider Broncs",33,75.3,100,66.7,0.885,57.8,24.7,33.1,42.7,47.4,13.3,12.3,0.29,9.1,41.5,40.1,19.2,20.9,47.9,17.6,5.5,12.2,30.9,0.31
305,"La Salle Explorers",33,81.1,100,71.8,0.885,62.3,25.6,36.7,41.1,46.7,12.1,12.4,0.3,9.5,41,41.5,18.6,22.8,44.9,20.8,7,13.8,33.5,0.33
307,"Oklahoma State Cowboys",35,82.2,100,72.7,0.884,57.8,24.7,33.1,42.7,48.4,16,15.3,0.4,10.4,42,37.8,18.1,19.7,47.8,20,6.6,13.4,33,0.35
308,"Jacksonville Dolphins",32,81.6,100,72,0.883,61,26.4,34.5,43.4,49.3,15.3,12,0.28,8.5,40.9,40.6,19.2,21.4,47.2,20.4,7.3,13.1,35.7,0.33
309,"West Georgia Wolves",31,77.6,100,68.4,0.882,59.6,25.7,33.8,43.2,47.7,13.6,12,0.28,9.5,41.6,41.5,20.4,21.1,49.1,18.1,5.4,12.7,29.8,0.3
310,"Arkansas-(Little Rock) Trojans",33,78.3,100,69,0.881,58,25.5,32.5,44,49.7,16.1,11.6,0.28,8.1,40.9,40,19,21,47.5,18,6.5,11.5,36.3,0.31
310,"Wyoming Cowboys",32,75.8,100,66.8,0.881,56,24.3,31.6,43.5,50.3,15.8,12,0.29,7.9,40.2,33.4,16.8,16.6,50.3,22.6,7.6,15,33.5,0.4
312,"Charleston Southern Buccaneers",32,82.1,100,72,0.877,57.1,24,33.1,42.1,48.5,15.9,16.6,0.44,11.5,41.3,32.8,16.7,16.1,50.9,24.3,7.3,17,30.2,0.43
312,"Utah Tech University Trailblazers",33,79.1,100,69.3,0.877,58.1,24.5,33.6,42.1,48.5,15.6,13.1,0.32,9.4,40.2,35.7,17,18.7,47.7,22.4,7.5,15,33.2,0.39
312,"Evansville Aces",32,74.9,100,65.7,0.877,55.8,23.8,32,42.7,48.8,15.2,11.7,0.29,8.8,40.4,32.9,17,15.9,51.7,22.9,6.8,16.1,29.7,0.41
315,"Jackson State Tigers",34,81,100,71,0.876,58.6,24.5,34,41.9,47.4,15.7,14.1,0.36,11.4,40.7,38.6,18.1,20.5,46.9,19.9,6.4,13.5,32.2,0.34
316,"Sacramento State Hornets",32,75,100,65.7,0.875,54.6,23.3,31.3,42.6,50.1,17.2,12.4,0.3,8.6,38.9,29.5,15.1,14.4,51.1,25,8.2,16.9,32.6,0.46
316,"Western Michigan Broncos",32,82.2,100,71.9,0.875,62.9,26.6,36.3,42.3,47.1,12.8,13.3,0.3,9.5,41.2,41.8,20.7,21.1,49.5,21.1,5.9,15.2,28.1,0.34
318,"Central Arkansas Bears",33,79.8,100,69.7,0.873,60.8,24.8,36,40.7,47.8,14.7,11.3,0.27,8.3,39,31.5,16.2,15.4,51.3,29.2,8.6,20.7,29.3,0.48
318,"Southern University Jaguars",32,84.4,100,73.7,0.873,62.2,26.4,35.7,42.5,47.6,14.2,14.3,0.35,11.3,41.4,41.6,20.2,21.4,48.5,20.5,6.3,14.3,30.4,0.33
320,"Buffalo Bulls",31,82,100,71.4,0.871,59.1,25.1,34,42.4,49,17.4,13.2,0.33,10,39.7,33.2,17.3,16,51.9,25.9,7.8,18.1,30.2,0.44
320,"Grambling State Tigers",34,76.3,100,66.4,0.871,55.4,23.4,32,42.3,48,16.4,12.8,0.32,10.5,40.5,36,17.1,18.9,47.5,19.4,6.3,13.1,32.6,0.35
322,"North Carolina A&T Aggies",32,79.4,100,68.9,0.868,60.9,24.8,36.2,40.7,46.2,12.4,12.7,0.3,9.8,40.2,38.7,18,20.7,46.6,22.3,6.8,15.5,30.3,0.37
323,"Texas Southern Tigers",32,83.3,100,72.2,0.867,62.2,26.3,35.8,42.4,48.2,15.9,11.3,0.27,8.5,39.9,40.5,19.1,21.4,47.1,21.7,7.3,14.4,33.5,0.35
323,"Long Island Sharks",33,77.5,100,67.2,0.867,58.2,25.1,33.1,43.1,48.3,15.7,10.9,0.27,8.3,40.3,38.2,19,19.1,49.9,20,6,14,30.2,0.34
325,"Southern Miss Golden Eagles",33,82,100,71,0.866,59.6,25.5,34.1,42.8,48.3,16.3,13,0.33,10.3,40.6,38,18.9,19,49.9,21.6,6.5,15.1,30.3,0.36
326,"Fairfield Stags",32,77.7,100,67.2,0.865,60.6,24.4,36.1,40.4,46.3,12.8,10.8,0.25,7.8,39.7,37.7,17.3,20.4,45.8,22.9,7.2,15.7,31.4,0.38
326,"Bethune-Cookman Wildcats",33,79.4,100,68.7,0.865,57.2,24.2,33,42.4,47.7,16.1,13.9,0.35,10.2,40.4,37.8,18.1,19.7,47.9,19.4,6.1,13.3,31.6,0.34
328,"Morehead State Eagles",31,74.7,100,64.6,0.864,54.8,22.7,32.1,41.5,46.8,14,14.2,0.36,11.2,41.2,35.7,16.9,18.9,47.2,19,5.8,13.2,30.7,0.35
329,"TCU Horned Frogs",32,78.1,100,67.4,0.863,58.6,24.3,34.3,41.5,46.7,13.8,13.8,0.33,11,40.3,38.3,18.3,20,47.7,20.3,6.1,14.2,30,0.35
330,"Lamar Cardinals",33,80.5,100,69.4,0.862,60.5,25.5,35,42.2,47.9,15.1,11.7,0.28,8.7,40,40.5,18.5,21.9,45.8,20,6.9,13,34.7,0.33
330,"Air Force Falcons",32,71.1,100,61.3,0.862,50.7,21.1,29.6,41.6,49.5,17,13.5,0.34,8.8,39,26,13,13,49.9,24.7,8.1,16.6,32.7,0.49
330,"Arkansas-(Pine Bluff) Golden Lions",31,83.3,100,71.8,0.862,60.1,26.9,33.3,44.7,50.7,17.6,12.5,0.31,10.1,40.4,37,19.6,17.4,53.1,23.1,7.2,15.9,31.2,0.38
333,"UC Davis Aggies",32,78.5,100,67.6,0.861,56.1,23,33.1,41,46.7,16.2,14.3,0.36,9.7,40,36.4,16.6,19.8,45.6,19.7,6.4,13.3,32.5,0.35
333,"Maryland-Eastern Shore Hawks",31,78.2,100,67.3,0.861,56.6,23.8,32.8,42.1,48.1,16.3,13.9,0.34,10.9,40,35.6,17,18.6,47.8,20.9,6.8,14.2,32.4,0.37
335,"Citadel Bulldogs",30,77,100,66.2,0.859,56.3,23.5,32.9,41.7,48.3,15.4,13.7,0.34,11.3,39.7,30.8,16,14.8,51.9,25.5,7.5,18.1,29.2,0.45
336,"Louisiana-(Monroe) Warhawks",32,80.2,100,68.6,0.855,60.3,24.3,36,40.3,46,14,12.1,0.3,9.8,40,39.5,17.5,22,44.2,20.8,6.8,14,32.9,0.35
337,"Lindenwood University Lions",33,82.9,100,70.8,0.854,60.8,25.3,35.5,41.7,46.5,14.7,14.1,0.35,10.3,40.5,40.1,19.5,20.6,48.7,20.7,5.8,14.9,28.1,0.34
337,"Southern Utah Thunderbirds",31,81.3,100,69.4,0.854,57.8,24.4,33.4,42.2,47.3,17,13.6,0.35,9,40.1,39.2,18.5,20.6,47.3,18.6,5.9,12.7,31.5,0.32
339,"Fresno State Bulldogs",32,82.6,100,70.4,0.852,60.4,24.4,36,40.4,45.9,14.8,14.2,0.35,10.9,39.9,39,17.8,21.2,45.7,21.5,6.6,14.8,30.9,0.36
339,"Louisiana-(Lafayette) Ragin Cajuns",33,76.6,100,65.2,0.852,58.5,22.9,35.6,39.2,44.9,12.8,12.5,0.3,9.5,39.2,36.2,16.2,20,44.7,22.3,6.7,15.6,30.2,0.38
341,"Wagner Seahawks",30,73.5,100,62.5,0.851,54.9,22.1,32.8,40.3,46.6,15.1,11.9,0.29,9.1,38.9,34.1,15.2,18.9,44.5,20.8,6.9,13.9,33.3,0.38
342,"San Diego Toreros",33,82.2,100,69.8,0.85,61.3,24.8,36.5,40.4,45.6,15.1,12.5,0.3,9.2,39.3,39.4,18.4,21,46.7,21.9,6.4,15.5,29.2,0.36
343,"Abilene Christian Wildcats",31,81.3,100,69,0.849,57,24.9,32.1,43.7,47.4,17.7,14.2,0.37,10.2,41.2,42.5,20.6,21.9,48.5,14.5,4.3,10.2,29.6,0.25
344,"Massachusetts Minutemen",32,85.7,100,72.6,0.847,64.4,26.3,38.2,40.8,45.2,13.1,14.2,0.33,10.1,40.2,43.5,20.5,23,47.1,20.9,5.8,15.1,27.5,0.32
345,"New Hampshire Wildcats",32,78,100,66,0.846,58.7,24.2,34.5,41.2,47.8,16,10.7,0.26,8.3,38.4,34.4,16.4,18,47.6,24.2,7.8,16.5,32,0.41
346,"N.J.I.T. Highlanders",31,76.3,100,64.4,0.844,58.1,23.1,35,39.8,45.6,14.3,11.1,0.27,8.5,38.6,36.2,16.4,19.8,45.4,21.9,6.7,15.2,30.6,0.38
346,"Western Carolina Catamounts",30,82.6,100,69.7,0.844,61.4,24,37.4,39.1,46.4,16.1,11,0.28,9.2,37.5,31.6,15,16.6,47.4,29.8,9,20.8,30.3,0.49
348,"Iona Gaels",34,82.4,100,69.5,0.843,61.4,25.6,35.8,41.7,47.2,15.8,11,0.27,8.1,39.2,40.2,18.9,21.3,47.1,21.2,6.7,14.5,31.6,0.35
348,"Florida International Panthers",33,82,100,69.1,0.843,59,24.8,34.2,42.1,46.4,16.3,13.8,0.34,10.5,40.4,41.3,19.7,21.5,47.8,17.7,5.1,12.6,28.8,0.3
350,"Saint Peter's Peacocks",28,78.5,100,65.7,0.837,57.1,22.3,34.8,39.1,45.3,15.7,13,0.33,9.2,38.4,35.1,15.3,19.8,43.5,22,7.1,15,32.1,0.39
351,"Old Dominion Monarchs",35,81.1,100,67.7,0.834,61.2,23.9,37.3,39.1,44.2,13.7,12.6,0.31,10.2,39,39.2,17.7,21.5,45.1,22,6.2,15.8,28.3,0.36
352,"Eastern Illinois Panthers",31,79.8,100,66.5,0.833,58.7,23.9,34.8,40.7,45.2,14.8,13.5,0.33,10.3,39.7,41.6,18.5,23.1,44.5,17.1,5.4,11.8,31.3,0.29
353,"Detroit Titans",32,80.3,100,66.7,0.83,59.8,24.3,35.4,40.7,45.5,15.8,11.6,0.28,8.6,38.7,42.3,18.7,23.7,44.1,17.4,5.7,11.8,32.5,0.29
354,"Alcorn State Braves",32,78.1,100,64.8,0.829,57.7,23.5,34.2,40.7,45.3,15.5,12,0.3,9.1,39.4,40.7,18.2,22.5,44.7,17,5.3,11.7,31.3,0.29
355,"East Texas A&M Lions",31,77.4,100,63.8,0.825,55.7,22.9,32.8,41.1,48.6,18.8,11,0.27,8.6,36.9,28.7,14.5,14.2,50.5,27,8.4,18.6,31,0.49
356,"Alabama A&M Bulldogs",32,88.3,100,72.4,0.82,62.1,24.7,37.4,39.8,46.2,17.6,13.7,0.37,10.2,38,36.8,16.8,20,45.6,25.3,7.9,17.4,31.4,0.41
357,"New Orleans Privateers",32,80.1,100,65.6,0.819,58.6,23.7,34.9,40.5,45,15.5,13.3,0.33,10.3,39.3,40.9,18.4,22.4,45.1,17.7,5.3,12.4,29.8,0.3
358,"Tarleton State Texans",32,76.4,100,62.4,0.817,50.5,21.7,28.9,42.9,46.9,21,14.6,0.41,9.7,39.7,37.6,17.6,20,46.7,12.9,4.1,8.8,31.6,0.26
359,"Stephen F. Austin Lumberjacks",31,81.4,100,66.4,0.816,57.9,24.4,33.6,42,47.4,18.1,12.5,0.31,9.2,38.5,36.4,18.2,18.2,50,21.5,6.2,15.4,28.6,0.37
360,"Seton Hall Pirates",32,75.5,100,61.4,0.814,55.3,22.1,33.3,39.9,44.6,15.2,13,0.33,9.6,38.9,38.4,16.9,21.6,43.9,16.9,5.2,11.7,30.9,0.31
361,"Cal State Fullerton Titans",32,77.6,100,62.9,0.81,53.6,21.3,32.3,39.8,44.3,18.2,14.9,0.39,10.2,38.6,35.6,16.5,19.1,46.4,18,4.8,13.2,26.9,0.34
362,"Chicago State Cougars",32,77.2,100,62,0.803,58.2,22.1,36.2,37.9,44.1,15.5,10.6,0.26,8.1,36.5,34.6,14.8,19.7,42.9,23.7,7.2,16.4,30.5,0.41
363,"Coppin State Eagles",30,78.7,100,61.7,0.783,55.5,21.7,33.8,39.1,43.7,18.1,13.4,0.35,10.8,37.3,37.5,16.5,21,44,18,5.2,12.8,28.8,0.32
364,"Mississippi Valley State Delta Devils",31,74.7,100,53.9,0.722,52.1,19.7,32.4,37.8,42.1,20.4,11,0.29,8.3,34.4,36.7,15.2,21.5,41.4,15.4,4.5,10.9,29.2,0.29
